{
  "max_depth": 7,
  "learning_rate": 0.01346272364991766,
  "subsample": 0.7080466871492702,
  "colsample_bytree": 0.6195232513368584,
  "min_child_weight": 10,
  "gamma": 0.24541413867031858,
  "reg_alpha": 0.5508329292462065,
  "reg_lambda": 0.5045610724099494
}