Units,Dropout,LR,Layers,Act_Idx
130.17788759186024,0.011590345748694199,0.005312828784393316,1.0,0.0
