Units,Dropout,LR,Layers,Act_Idx
103.67930987672061,0.02673888640137113,0.008196257710843086,3.0,1.0
