Units,Dropout,LR,Layers,Act_Idx
107.77778927362795,0.05490482323797511,0.0023888944756937334,2.0,0.0
